{"_step":499,"_wandb":{"runtime":94},"_runtime":94.873657329,"total_loss":4.013449668884277,"ntp_loss":3.4915308952331543,"matp_loss":5.5416035652160645,"_timestamp":1.7750862010430992e+09}