{"_timestamp":1.775086039259143e+09,"_step":499,"_wandb":{"runtime":56},"_runtime":56.571987069,"ntp_loss":3.190973997116089}